{"body-cold":{"x":8,"y":20,"w":13,"h":10},"body-gunk":{"x":8,"y":20,"w":13,"h":10},"body-computerblue":{"x":8,"y":20,"w":13,"h":10},"body-purple":{"x":8,"y":20,"w":13,"h":10},"body-bege-crt":{"x":8,"y":20,"w":13,"h":10},"body-grayscale-8":{"x":8,"y":20,"w":13,"h":10},"body-grayscale-9":{"x":8,"y":20,"w":13,"h":10},"body-bluegrey":{"x":8,"y":20,"w":13,"h":10},"body-peachy-B":{"x":8,"y":20,"w":13,"h":10},"body-orange":{"x":8,"y":20,"w":13,"h":10},"body-bege-bsod":{"x":8,"y":20,"w":13,"h":10},"body-peachy-a":{"x":8,"y":20,"w":13,"h":10},"body-foggrey":{"x":8,"y":20,"w":13,"h":10},"body-gold":{"x":8,"y":20,"w":13,"h":10},"body-green":{"x":8,"y":20,"w":13,"h":10},"body-teal-light":{"x":8,"y":20,"w":13,"h":10},"body-orange-yellow":{"x":8,"y":20,"w":13,"h":10},"body-darkpink":{"x":8,"y":20,"w":13,"h":10},"body-grayscale-1":{"x":8,"y":20,"w":13,"h":10},"body-yellow":{"x":8,"y":20,"w":13,"h":10},"body-teal":{"x":8,"y":20,"w":13,"h":10},"body-redpinkish":{"x":8,"y":20,"w":13,"h":10},"body-slimegreen":{"x":8,"y":20,"w":13,"h":10},"body-hotbrown":{"x":8,"y":20,"w":13,"h":10},"body-grayscale-7":{"x":8,"y":20,"w":13,"h":10},"body-magenta":{"x":8,"y":20,"w":13,"h":10},"body-red":{"x":8,"y":20,"w":13,"h":10},"body-rust":{"x":8,"y":20,"w":13,"h":10},"body-blue-sky":{"x":8,"y":20,"w":13,"h":10},"body-darkbrown":{"x":8,"y":20,"w":13,"h":10},"head-hotdog":{"x":8,"y":2,"w":13,"h":17},"head-ufo":{"x":1,"y":1,"w":27,"h":19},"head-goldcoin":{"x":5,"y":2,"w":19,"h":19},"head-weed":{"x":1,"y":0,"w":26,"h":20},"head-bear":{"x":7,"y":4,"w":15,"h":16},"head-cassettetape":{"x":4,"y":6,"w":21,"h":13},"head-wallet":{"x":2,"y":7,"w":25,"h":12},"head-horse-deepfried":{"x":4,"y":5,"w":21,"h":15},"head-chefhat":{"x":3,"y":4,"w":23,"h":15},"head-diamond-red":{"x":5,"y":4,"w":19,"h":19},"head-mountain-snowcap":{"x":3,"y":2,"w":23,"h":18},"head-pickle":{"x":4,"y":2,"w":21,"h":18},"head-volcano":{"x":3,"y":2,"w":23,"h":18},"head-volleyball":{"x":4,"y":2,"w":21,"h":18},"head-lint":{"x":4,"y":1,"w":21,"h":20},"head-goat":{"x":4,"y":4,"w":23,"h":19},"head-stapler":{"x":3,"y":7,"w":23,"h":12},"head-pillow":{"x":6,"y":2,"w":17,"h":19},"head-pop":{"x":7,"y":2,"w":15,"h":17},"head-taco-classic":{"x":2,"y":4,"w":25,"h":15},"head-rabbit":{"x":8,"y":3,"w":13,"h":17},"head-car":{"x":5,"y":8,"w":21,"h":11},"head-bigfoot-yeti":{"x":1,"y":1,"w":26,"h":18},"head-plane":{"x":2,"y":3,"w":26,"h":16},"head-spaghetti":{"x":5,"y":3,"w":19,"h":24},"head-skeleton-hat":{"x":6,"y":4,"w":17,"h":16},"head-goldfish":{"x":4,"y":4,"w":21,"h":15},"head-dictionary":{"x":4,"y":4,"w":21,"h":16},"head-oyster":{"x":3,"y":1,"w":24,"h":18},"head-fence":{"x":2,"y":3,"w":25,"h":16},"head-piggybank":{"x":1,"y":3,"w":26,"h":16},"head-cannedham":{"x":5,"y":3,"w":19,"h":16},"head-whale":{"x":5,"y":3,"w":19,"h":18},"head-boot":{"x":6,"y":5,"w":20,"h":14},"head-watch":{"x":7,"y":3,"w":17,"h":17},"head-cash-register":{"x":7,"y":1,"w":17,"h":18},"head-hockeypuck":{"x":4,"y":4,"w":21,"h":16},"head-potato":{"x":3,"y":5,"w":24,"h":15},"head-clover":{"x":6,"y":3,"w":21,"h":18},"head-tornado":{"x":3,"y":2,"w":23,"h":18},"head-doughnut":{"x":5,"y":2,"w":19,"h":19},"head-grouper":{"x":1,"y":5,"w":26,"h":16},"head-chart-bars":{"x":5,"y":3,"w":19,"h":16},"head-macaroni":{"x":2,"y":7,"w":25,"h":12},"head-bank":{"x":3,"y":2,"w":23,"h":18},"head-boxingglove":{"x":4,"y":3,"w":18,"h":16},"head-chicken":{"x":7,"y":2,"w":15,"h":17},"head-cat":{"x":5,"y":2,"w":19,"h":17},"head-croc-hat":{"x":7,"y":5,"w":21,"h":15},"head-firehydrant":{"x":3,"y":1,"w":23,"h":18},"head-mailbox":{"x":4,"y":6,"w":22,"h":13},"head-pipe":{"x":4,"y":5,"w":22,"h":15},"head-piano":{"x":7,"y":3,"w":18,"h":17},"head-film-35mm":{"x":4,"y":2,"w":18,"h":17},"head-calendar":{"x":4,"y":3,"w":20,"h":16},"head-toiletpaper-full":{"x":4,"y":6,"w":20,"h":15},"head-maze":{"x":4,"y":5,"w":21,"h":14},"head-pill":{"x":2,"y":5,"w":25,"h":14},"head-sandwich":{"x":2,"y":3,"w":25,"h":16},"head-undead":{"x":4,"y":1,"w":21,"h":20},"head-trashcan":{"x":4,"y":2,"w":21,"h":17},"head-ruler-triangular":{"x":7,"y":1,"w":19,"h":19},"head-lightning-bolt":{"x":4,"y":1,"w":24,"h":23},"head-wall":{"x":5,"y":2,"w":19,"h":18},"head-sponge":{"x":7,"y":3,"w":16,"h":16},"head-crab":{"x":4,"y":1,"w":21,"h":18},"head-camcorder":{"x":4,"y":8,"w":22,"h":11},"head-helicopter":{"x":1,"y":2,"w":26,"h":17},"head-shower":{"x":3,"y":0,"w":23,"h":24},"head-onion":{"x":5,"y":3,"w":19,"h":16},"head-panda":{"x":5,"y":4,"w":18,"h":15},"head-box":{"x":2,"y":5,"w":24,"h":14},"head-cookie":{"x":5,"y":2,"w":19,"h":19},"head-frog":{"x":6,"y":5,"w":17,"h":14},"head-boombox":{"x":5,"y":3,"w":20,"h":27},"head-blueberry":{"x":5,"y":3,"w":19,"h":19},"head-faberge":{"x":5,"y":0,"w":18,"h":19},"head-pineapple":{"x":6,"y":2,"w":17,"h":17},"head-void":{"x":4,"y":4,"w":21,"h":15},"head-lips":{"x":2,"y":4,"w":25,"h":16},"head-earth":{"x":5,"y":2,"w":19,"h":19},"head-bagpipe":{"x":4,"y":0,"w":23,"h":24},"head-house":{"x":4,"y":2,"w":22,"h":18},"head-pie":{"x":3,"y":0,"w":23,"h":19},"head-gnome":{"x":5,"y":0,"w":19,"h":19},"head-island":{"x":5,"y":1,"w":20,"h":18},"head-bag":{"x":2,"y":2,"w":24,"h":17},"head-jupiter":{"x":2,"y":0,"w":25,"h":25},"head-zebra":{"x":5,"y":5,"w":20,"h":14},"head-bat":{"x":1,"y":2,"w":27,"h":17},"head-squid":{"x":1,"y":0,"w":25,"h":25},"head-cd":{"x":4,"y":2,"w":21,"h":21},"head-outlet":{"x":7,"y":3,"w":15,"h":18},"head-brain":{"x":5,"y":4,"w":19,"h":15},"head-chips":{"x":3,"y":1,"w":23,"h":23},"head-ring":{"x":5,"y":1,"w":19,"h":19},"head-unicorn":{"x":3,"y":3,"w":22,"h":18},"head-wave":{"x":0,"y":1,"w":26,"h":18},"head-chain":{"x":1,"y":4,"w":27,"h":17},"head-microwave":{"x":4,"y":6,"w":20,"h":24},"head-scorpion":{"x":2,"y":2,"w":26,"h":17},"head-coffeebean":{"x":7,"y":4,"w":16,"h":17},"head-toaster":{"x":4,"y":2,"w":20,"h":28},"head-igloo":{"x":4,"y":4,"w":24,"h":15},"head-shark":{"x":2,"y":2,"w":24,"h":17},"head-crystalball":{"x":5,"y":1,"w":19,"h":18},"head-moon":{"x":5,"y":2,"w":19,"h":19},"head-snowglobe":{"x":7,"y":4,"w":16,"h":15},"head-fox":{"x":3,"y":2,"w":23,"h":22},"head-steak":{"x":4,"y":6,"w":21,"h":15},"head-blackhole":{"x":2,"y":0,"w":25,"h":22},"head-orangutan":{"x":5,"y":1,"w":17,"h":18},"head-egg":{"x":6,"y":0,"w":17,"h":20},"head-peanut":{"x":4,"y":3,"w":21,"h":18},"head-chameleon":{"x":3,"y":1,"w":23,"h":20},"head-cheese":{"x":5,"y":2,"w":19,"h":17},"head-robot":{"x":3,"y":2,"w":23,"h":17},"head-bigfoot":{"x":1,"y":1,"w":26,"h":18},"head-noodles":{"x":1,"y":1,"w":27,"h":18},"head-diamond-blue":{"x":5,"y":4,"w":19,"h":19},"head-pirateship":{"x":2,"y":0,"w":27,"h":19},"head-cloud":{"x":3,"y":3,"w":23,"h":16},"head-watermelon":{"x":4,"y":2,"w":21,"h":18},"head-pumpkin":{"x":5,"y":4,"w":20,"h":15},"head-wine":{"x":4,"y":4,"w":21,"h":15},"head-tooth":{"x":5,"y":3,"w":18,"h":19},"head-mirror":{"x":5,"y":3,"w":19,"h":16},"head-orca":{"x":0,"y":1,"w":25,"h":18},"head-mushroom":{"x":3,"y":1,"w":23,"h":19},"head-porkbao":{"x":6,"y":4,"w":17,"h":15},"head-glasses-big":{"x":1,"y":8,"w":25,"h":9},"head-burger-dollarmenu":{"x":5,"y":6,"w":19,"h":13},"head-milk":{"x":7,"y":2,"w":18,"h":17},"head-dino":{"x":7,"y":6,"w":20,"h":14},"head-pencil-tip":{"x":8,"y":2,"w":13,"h":17},"head-ape":{"x":5,"y":4,"w":18,"h":15},"head-rainbow":{"x":5,"y":3,"w":19,"h":16},"head-weight":{"x":4,"y":1,"w":20,"h":18},"head-snowmobile":{"x":4,"y":6,"w":24,"h":14},"head-beer":{"x":5,"y":1,"w":18,"h":18},"head-calculator":{"x":5,"y":4,"w":19,"h":17},"head-cherry":{"x":4,"y":0,"w":21,"h":20},"head-highheel":{"x":4,"y":5,"w":21,"h":14},"head-rock":{"x":4,"y":2,"w":21,"h":17},"head-mouse":{"x":6,"y":2,"w":22,"h":17},"head-cone":{"x":6,"y":2,"w":17,"h":17},"head-chipboard":{"x":4,"y":5,"w":22,"h":14},"head-clutch":{"x":2,"y":6,"w":23,"h":13},"head-fan":{"x":5,"y":2,"w":19,"h":19},"head-dog":{"x":5,"y":5,"w":19,"h":14},"head-sailboat":{"x":3,"y":0,"w":23,"h":19},"head-gavel":{"x":0,"y":3,"w":23,"h":16},"head-pufferfish":{"x":4,"y":3,"w":22,"h":18},"head-saw":{"x":1,"y":8,"w":27,"h":12},"head-chilli":{"x":4,"y":3,"w":22,"h":18},"head-flower":{"x":4,"y":2,"w":21,"h":21},"head-paintbrush":{"x":1,"y":8,"w":25,"h":15},"head-thumbsup":{"x":4,"y":0,"w":20,"h":19},"head-heart":{"x":3,"y":3,"w":23,"h":19},"head-abstract":{"x":4,"y":3,"w":20,"h":16},"head-aardvark":{"x":5,"y":1,"w":23,"h":18},"head-mixer":{"x":5,"y":1,"w":19,"h":18},"head-cordlessphone":{"x":1,"y":9,"w":26,"h":10},"head-ketchup":{"x":7,"y":1,"w":15,"h":18},"head-basketball":{"x":5,"y":2,"w":19,"h":19},"head-road":{"x":2,"y":5,"w":24,"h":14},"head-rgb":{"x":3,"y":0,"w":23,"h":21},"head-drill":{"x":4,"y":6,"w":22,"h":13},"head-mustard":{"x":7,"y":1,"w":15,"h":18},"head-pyramid":{"x":2,"y":2,"w":26,"h":17},"head-baseball-gameball":{"x":5,"y":3,"w":19,"h":19},"head-wallsafe":{"x":3,"y":8,"w":24,"h":11},"head-laptop":{"x":4,"y":5,"w":21,"h":16},"head-dna":{"x":2,"y":8,"w":25,"h":13},"head-crt-bsod":{"x":3,"y":4,"w":21,"h":16},"head-jellyfish":{"x":4,"y":2,"w":22,"h":24},"head-raven":{"x":7,"y":3,"w":21,"h":16},"head-beet":{"x":5,"y":1,"w":19,"h":18},"head-lipstick2":{"x":7,"y":0,"w":15,"h":19},"head-console-handheld":{"x":6,"y":2,"w":17,"h":17},"head-icepop-b":{"x":1,"y":6,"w":25,"h":18},"head-factory-dark":{"x":7,"y":2,"w":17,"h":17},"head-garlic":{"x":6,"y":4,"w":17,"h":15},"head-nigiri":{"x":3,"y":4,"w":23,"h":15},"head-mosquito":{"x":2,"y":0,"w":27,"h":19},"head-star-sparkles":{"x":4,"y":1,"w":21,"h":21},"head-peyote":{"x":2,"y":1,"w":26,"h":18},"head-skateboard":{"x":1,"y":8,"w":27,"h":11},"head-crown":{"x":5,"y":3,"w":19,"h":16},"head-kangaroo":{"x":5,"y":4,"w":19,"h":15},"head-lock":{"x":7,"y":2,"w":15,"h":17},"head-ghost-B":{"x":2,"y":4,"w":23,"h":17},"head-vent":{"x":3,"y":7,"w":23,"h":12},"head-rangefinder":{"x":4,"y":5,"w":21,"h":14},"head-hardhat":{"x":4,"y":3,"w":23,"h":16},"head-otter":{"x":6,"y":8,"w":16,"h":11},"head-film-strip":{"x":4,"y":4,"w":21,"h":15},"head-flamingo":{"x":4,"y":2,"w":21,"h":17},"head-skilift":{"x":2,"y":0,"w":26,"h":19},"head-bubblegum":{"x":4,"y":1,"w":21,"h":21},"head-banana":{"x":2,"y":3,"w":25,"h":16},"head-toothbrush-fresh":{"x":0,"y":1,"w":23,"h":18},"head-owl":{"x":4,"y":1,"w":18,"h":18},"head-bubble-speech":{"x":4,"y":3,"w":21,"h":18},"head-chainsaw":{"x":3,"y":4,"w":24,"h":17},"head-retainer":{"x":4,"y":8,"w":23,"h":12},"head-wizardhat":{"x":3,"y":3,"w":22,"h":16},"head-whale-alive":{"x":1,"y":1,"w":27,"h":19},"head-ducky":{"x":3,"y":2,"w":23,"h":17},"head-cottonball":{"x":3,"y":1,"w":23,"h":20},"head-mug":{"x":1,"y":2,"w":24,"h":17},"head-smile":{"x":2,"y":4,"w":25,"h":15},"head-saguaro":{"x":3,"y":2,"w":23,"h":17},"head-bonsai":{"x":2,"y":1,"w":26,"h":19},"head-cake":{"x":5,"y":1,"w":19,"h":18},"head-pizza":{"x":6,"y":2,"w":17,"h":17},"head-werewolf":{"x":3,"y":5,"w":23,"h":14},"head-queencrown":{"x":4,"y":1,"w":21,"h":18},"head-bomb":{"x":6,"y":3,"w":20,"h":18},"head-crane":{"x":4,"y":5,"w":25,"h":14},"head-taxi":{"x":3,"y":3,"w":23,"h":19},"head-hair":{"x":1,"y":2,"w":27,"h":18},"head-bell":{"x":3,"y":0,"w":23,"h":19},"head-paperclip":{"x":2,"y":8,"w":25,"h":11},"head-sunset":{"x":2,"y":2,"w":25,"h":17},"head-chocolate":{"x":6,"y":2,"w":17,"h":17},"head-washingmachine":{"x":3,"y":2,"w":20,"h":28},"head-fir":{"x":0,"y":0,"w":29,"h":23},"head-rosebud":{"x":3,"y":1,"w":23,"h":18},"head-duck":{"x":6,"y":3,"w":21,"h":16},"head-moose":{"x":3,"y":4,"w":23,"h":16},"head-cow":{"x":5,"y":5,"w":18,"h":14},"head-saturn":{"x":2,"y":4,"w":24,"h":17},"head-turing":{"x":2,"y":3,"w":25,"h":21},"glasses-square-watermelon":{"x":6,"y":10,"w":15,"h":5},"glasses-square-frog-green":{"x":6,"y":10,"w":15,"h":5},"glasses-square-orange":{"x":6,"y":10,"w":15,"h":5},"glasses-hip-rose":{"x":6,"y":10,"w":15,"h":5},"glasses-square-honey":{"x":6,"y":10,"w":15,"h":5},"glasses-square-green-blue-multi":{"x":6,"y":10,"w":15,"h":5},"glasses-square-magenta":{"x":6,"y":10,"w":15,"h":5},"glasses-square-red":{"x":6,"y":10,"w":15,"h":5},"glasses-square-black-eyes-red":{"x":6,"y":10,"w":15,"h":5},"glasses-square-grey-light":{"x":6,"y":10,"w":15,"h":5},"glasses-square-black":{"x":6,"y":10,"w":15,"h":5},"glasses-square-pink-purple-multi":{"x":6,"y":10,"w":15,"h":5},"glasses-square-blue-med-saturated":{"x":6,"y":10,"w":15,"h":5},"glasses-square-blue":{"x":6,"y":10,"w":15,"h":5},"glasses-square-yellow-saturated":{"x":6,"y":10,"w":15,"h":5},"glasses-square-smoke":{"x":6,"y":10,"w":15,"h":5},"glasses-square-fullblack":{"x":6,"y":10,"w":15,"h":5},"glasses-square-yellow-orange-multi":{"x":6,"y":10,"w":15,"h":5},"glasses-square-teal":{"x":6,"y":10,"w":15,"h":5},"glasses-square-guava":{"x":6,"y":10,"w":15,"h":5},"glasses-square-black-rgb":{"x":6,"y":10,"w":15,"h":5},"bg-cool":{"x":0,"y":0,"w":31,"h":31},"bg-warm":{"x":0,"y":0,"w":31,"h":31},"accessory-txt-cc2":{"x":12,"y":22,"w":6,"h":5},"accessory-txt-ico":{"x":8,"y":24,"w":13,"h":4},"accessory-flash":{"x":12,"y":22,"w":7,"h":6},"accessory-body-gradient-ice":{"x":8,"y":20,"w":13,"h":10},"accessory-insignia":{"x":13,"y":21,"w":4,"h":7},"accessory-bling-arrow":{"x":12,"y":23,"w":6,"h":6},"accessory-checkers-blue":{"x":8,"y":20,"w":13,"h":10},"accessory-secret-x":{"x":13,"y":23,"w":4,"h":3},"accessory-checker-spaced-white":{"x":8,"y":20,"w":13,"h":10},"accessory-checkers-black":{"x":8,"y":20,"w":13,"h":10},"accessory-lightbulb":{"x":13,"y":22,"w":4,"h":5},"accessory-moon-block":{"x":13,"y":22,"w":4,"h":6},"accessory-stripes-brown":{"x":8,"y":20,"w":13,"h":10},"body-ice-cold":{"x":8,"y":20,"w":13,"h":10},"accessory-txt-doom":{"x":10,"y":21,"w":10,"h":7},"accessory-body-gradient-pride":{"x":8,"y":20,"w":13,"h":10},"accessory-clover":{"x":12,"y":22,"w":7,"h":7},"accessory-txt-mint":{"x":12,"y":21,"w":6,"h":6},"accessory-slimesplat":{"x":12,"y":22,"w":4,"h":6},"accessory-checkers-big-green":{"x":8,"y":20,"w":13,"h":10},"accessory-aardvark":{"x":12,"y":23,"w":7,"h":2},"accessory-taxi-checkers":{"x":8,"y":22,"w":13,"h":3},"accessory-yingyang":{"x":13,"y":23,"w":4,"h":3},"body-bege":{"x":8,"y":20,"w":13,"h":10},"accessory-txt-noun-f0f":{"x":12,"y":22,"w":5,"h":7},"accessory-shrimp":{"x":13,"y":23,"w":4,"h":4},"accessory-dragon":{"x":12,"y":22,"w":6,"h":7},"accessory-stripes-blue-med":{"x":8,"y":20,"w":13,"h":10},"accessory-txt-yay":{"x":11,"y":23,"w":8,"h":2},"accessory-1n":{"x":12,"y":22,"w":6,"h":7},"accessory-stripes-olive":{"x":8,"y":20,"w":13,"h":10},"accessory-checker-bigwalk-blue-prime":{"x":8,"y":20,"w":13,"h":10},"accessory-checker-vibrant":{"x":8,"y":20,"w":13,"h":10},"accessory-checker-bigwalk-greylight":{"x":8,"y":20,"w":13,"h":10},"accessory-carrot":{"x":13,"y":23,"w":4,"h":5},"accessory-txt-nil-grey-dark":{"x":12,"y":23,"w":7,"h":2},"accessory-belly-chameleon":{"x":12,"y":22,"w":4,"h":7},"accessory-chicken":{"x":12,"y":23,"w":5,"h":5},"accessory-oldshirt":{"x":8,"y":20,"w":13,"h":10},"accessory-txt-noun-green":{"x":12,"y":22,"w":5,"h":7},"accessory-txt-cc":{"x":11,"y":22,"w":8,"h":6},"accessory-stains-zombie":{"x":12,"y":22,"w":7,"h":7},"accessory-dinosaur":{"x":12,"y":22,"w":5,"h":6},"accessory-grid-simple-bege":{"x":8,"y":21,"w":13,"h":8},"accessory-txt-lol":{"x":12,"y":22,"w":7,"h":3},"accessory-decay-gray-dark":{"x":8,"y":20,"w":13,"h":10},"accessory-id":{"x":15,"y":22,"w":4,"h":3},"accessory-body-gradient-dusk":{"x":8,"y":20,"w":13,"h":10},"accessory-txt-we":{"x":11,"y":23,"w":8,"h":5},"accessory-eye":{"x":12,"y":23,"w":7,"h":4},"accessory-checker-RGB":{"x":8,"y":20,"w":13,"h":10},"accessory-checker-bigwalk-rainbow":{"x":8,"y":20,"w":13,"h":10},"accessory-axe":{"x":13,"y":22,"w":5,"h":6},"accessory-collar-sunset":{"x":8,"y":20,"w":13,"h":2},"accessory-body-gradient-dawn":{"x":8,"y":20,"w":13,"h":10},"accessory-rainbow-steps":{"x":8,"y":22,"w":13,"h":5},"accessory-stains-blood":{"x":12,"y":21,"w":7,"h":7},"accessory-hoodiestrings-uneven":{"x":14,"y":21,"w":3,"h":5},"body-gray-scale-9":{"x":8,"y":20,"w":13,"h":10},"accessory-woolweave-bicolor":{"x":8,"y":20,"w":13,"h":10},"accessory-txt-noun":{"x":12,"y":21,"w":5,"h":7},"accessory-bling-mask":{"x":11,"y":20,"w":7,"h":9},"accessory-wall":{"x":8,"y":20,"w":13,"h":10},"accessory-lines-45-greens":{"x":8,"y":20,"w":13,"h":10},"accessory-tie-black-on-white":{"x":13,"y":20,"w":4,"h":10},"accessory-glasses-logo-sun":{"x":12,"y":23,"w":8,"h":2},"accessory-checker-spaced-black":{"x":8,"y":20,"w":13,"h":10},"accessory-txt-lmao":{"x":12,"y":22,"w":5,"h":6},"accessory-fries":{"x":13,"y":22,"w":4,"h":6},"accessory-cow":{"x":12,"y":23,"w":6,"h":4},"accessory-heart":{"x":12,"y":23,"w":6,"h":5},"accessory-tee-yo":{"x":8,"y":20,"w":13,"h":10},"accessory-eth":{"x":13,"y":23,"w":4,"h":5},"accessory-tie-dye":{"x":10,"y":21,"w":9,"h":9},"accessory-body-gradient-glacier":{"x":8,"y":20,"w":13,"h":10},"accessory-txt-rofl":{"x":12,"y":22,"w":5,"h":6},"accessory-stripes-blit":{"x":8,"y":20,"w":13,"h":6},"accessory-think":{"x":13,"y":23,"w":4,"h":4},"accessory-wave":{"x":12,"y":22,"w":7,"h":4},"accessory-body-gradient-redpink":{"x":8,"y":20,"w":13,"h":10},"accessory-text-yolo":{"x":12,"y":22,"w":5,"h":6},"accessory-bling-anchor":{"x":12,"y":20,"w":6,"h":8},"body-gray-scale-1":{"x":8,"y":20,"w":13,"h":10},"accessory-bling-gold-ingot":{"x":11,"y":20,"w":7,"h":6},"accessory-robot":{"x":8,"y":24,"w":13,"h":3},"accessory-txt-dope-text":{"x":12,"y":22,"w":5,"h":6},"accessory-bling-love":{"x":11,"y":20,"w":7,"h":8},"accessory-txt-noun-multicolor":{"x":12,"y":22,"w":5,"h":7},"accessory-tie-purple-on-white":{"x":13,"y":20,"w":4,"h":10},"accessory-chain-logo":{"x":8,"y":23,"w":13,"h":4},"accessory-tie-red":{"x":14,"y":21,"w":2,"h":8},"accessory-shirt-black":{"x":11,"y":20,"w":8,"h":10},"accessory-txt-copy":{"x":12,"y":22,"w":5,"h":6},"accessory-pizza-bling":{"x":11,"y":20,"w":7,"h":8},"accessory-cloud":{"x":12,"y":23,"w":5,"h":2},"accessory-bird-side":{"x":12,"y":22,"w":5,"h":5},"accessory-bling-rings":{"x":12,"y":22,"w":6,"h":6},"accessory-wet-money":{"x":12,"y":23,"w":6,"h":6},"accessory-txt-pop":{"x":12,"y":22,"w":5,"h":6},"accessory-body-gradient-checkerdisco":{"x":8,"y":20,"w":13,"h":10},"accessory-glasses":{"x":12,"y":22,"w":6,"h":6},"accessory-infinity":{"x":12,"y":22,"w":6,"h":7},"accessory-glasses-logo":{"x":12,"y":23,"w":8,"h":2},"accessory-rain":{"x":13,"y":23,"w":4,"h":5},"accessory-bling-sparkles":{"x":11,"y":21,"w":7,"h":7},"accessory-txt-io":{"x":12,"y":23,"w":5,"h":4},"accessory-rgb":{"x":12,"y":23,"w":7,"h":6},"accessory-matrix-white":{"x":13,"y":23,"w":4,"h":4},"accessory-woolweave-dirt":{"x":8,"y":20,"w":13,"h":10},"accessory-pocket-pencil":{"x":15,"y":22,"w":4,"h":3},"accessory-txt-dao-black":{"x":11,"y":23,"w":8,"h":3},"accessory-lp":{"x":12,"y":21,"w":8,"h":8},"accessory-checkers-magenta-80":{"x":8,"y":20,"w":13,"h":10},"accessory-leaf":{"x":12,"y":23,"w":6,"h":5},"accessory-bling-cheese":{"x":11,"y":20,"w":7,"h":9},"accessory-marsface":{"x":13,"y":23,"w":4,"h":5},"accessory-lines-45-rose":{"x":8,"y":20,"w":13,"h":10},"accessory-txt-foo-black":{"x":12,"y":24,"w":7,"h":3},"accessory-sunset":{"x":12,"y":22,"w":6,"h":3},"accessory-stripes-and-checks":{"x":8,"y":20,"w":13,"h":10},"accessory-checkers-big-red-cold":{"x":8,"y":20,"w":13,"h":10},"accessory-ducky":{"x":13,"y":23,"w":4,"h":2},"accessory-decay-pride":{"x":8,"y":20,"w":13,"h":10},"accessory-body-gradient-sunset":{"x":8,"y":20,"w":13,"h":10},"accessory-txt-a2\u002Bb2":{"x":12,"y":22,"w":7,"h":6},"accessory-txt-pi":{"x":12,"y":23,"w":5,"h":3},"accessory-bird-flying":{"x":12,"y":23,"w":7,"h":2},"accessory-snowflake":{"x":12,"y":22,"w":6,"h":6},"accessory-dollar-bling":{"x":11,"y":20,"w":7,"h":9},"accessory-stripes-red-cold":{"x":8,"y":20,"w":13,"h":10},"accessory-bling-anvil":{"x":10,"y":20,"w":10,"h":9},"accessory-stripes-big-red":{"x":8,"y":20,"w":13,"h":8},"accessory-scarf-clown":{"x":11,"y":20,"w":8,"h":10},"accessory-small-bling":{"x":12,"y":20,"w":6,"h":2},"accessory-none":{"x":0,"y":0,"w":0,"h":0},"accessory-safety-vest":{"x":10,"y":20,"w":11,"h":10},"accessory-bling-scissors":{"x":13,"y":21,"w":4,"h":6}}